BEGIN TRANSACTION;

DELETE FROM "Messages";
DELETE FROM "Bookings";
DELETE FROM "Admins";
DELETE FROM "Rooms";
DELETE FROM "Guests";
DELETE FROM "Flights";
DELETE FROM "Hotels";

DELETE FROM sqlite_sequence WHERE name IN ('Admins','Bookings','Flights','Guests','Hotels','Messages');

INSERT INTO "Hotels" ("Id","Name","IcaoCode","CreatedAt","IsDeleted")
VALUES
  (1,'Arlanda Airport Hotel (TEST)','ARN','2026-02-18T12:00:00Z',0),
  (2,'Runway Inn','RWY2','2026-02-18T12:00:00Z',0);

INSERT INTO "Rooms" ("Id","HotelId","RoomNumber","CreatedAt","IsDeleted")
VALUES
  ('RM-101',1,'101','2026-02-18T12:05:00Z',0),
  ('RM-102',1,'102','2026-02-18T12:05:00Z',0),
  ('RM-103',1,'103','2026-02-18T12:05:00Z',0),
  ('RM-104',1,'104','2026-02-18T12:05:00Z',0),
  ('RM-105',1,'105','2026-02-18T12:05:00Z',0),
  ('RM-106',1,'106','2026-02-18T12:05:00Z',0),
  ('RM-107',1,'107','2026-02-18T12:05:00Z',0),
  ('RM-108',1,'108','2026-02-18T12:05:00Z',0),
  ('RM-109',1,'109','2026-02-18T12:05:00Z',0),
  ('RM-110',1,'110','2026-02-18T12:05:00Z',0),
  ('RM-111',1,'111','2026-02-18T12:05:00Z',0),
  ('RM-112',1,'112','2026-02-18T12:05:00Z',0),
  ('RM-113',1,'113','2026-02-18T12:05:00Z',0),
  ('RM-114',1,'114','2026-02-18T12:05:00Z',0),
  ('RM-115',1,'115','2026-02-18T12:05:00Z',0),
  ('RM-116',1,'116','2026-02-18T12:05:00Z',0),
  ('RM-117',1,'117','2026-02-18T12:05:00Z',0),
  ('RM-118',1,'118','2026-02-18T12:05:00Z',0),
  ('RM-201',2,'201','2026-02-18T12:05:00Z',0),
  ('RM-202',2,'202','2026-02-18T12:05:00Z',0),
  ('RM-203',2,'203','2026-02-18T12:05:00Z',0),
  ('RM-204',2,'204','2026-02-18T12:05:00Z',0),
  ('RM-205',2,'205','2026-02-18T12:05:00Z',0),
  ('RM-206',2,'206','2026-02-18T12:05:00Z',0),
  ('RM-207',2,'207','2026-02-18T12:05:00Z',0),
  ('RM-208',2,'208','2026-02-18T12:05:00Z',0),
  ('RM-209',2,'209','2026-02-18T12:05:00Z',0),
  ('RM-210',2,'210','2026-02-18T12:05:00Z',0),
  ('RM-211',2,'211','2026-02-18T12:05:00Z',0),
  ('RM-212',2,'212','2026-02-18T12:05:00Z',0),
  ('RM-213',2,'213','2026-02-18T12:05:00Z',0),
  ('RM-214',2,'214','2026-02-18T12:05:00Z',0),
  ('RM-215',2,'215','2026-02-18T12:05:00Z',0),
  ('RM-216',2,'216','2026-02-18T12:05:00Z',0),
  ('RM-217',2,'217','2026-02-18T12:05:00Z',0);

INSERT INTO "Admins" ("Id","HotelId","Username","PasswordHash","FullName","Role","CreatedAt","IsDeleted")
VALUES
  (1,1,'admin_arn','hash_admin_arn','Arlanda Admin','Manager','2026-02-18T12:10:00Z',0),
  (2,2,'admin_rwy','hash_admin_rwy','Runway Admin','Manager','2026-02-18T12:10:00Z',0);

INSERT INTO "Guests" ("Id","FullName","CreatedAt","IsDeleted")
VALUES
  (1,'Nikita Sjölander','2026-02-18T12:15:00Z',0),
  (2,'Roni Jouma','2026-02-18T12:15:00Z',0),
  (3,'Clark Kent','2026-02-18T12:15:00Z',0),
  (4,'Liam Smith','2026-02-18T12:15:00Z',0),
  (5,'Emma Brown','2026-02-18T12:15:00Z',0),
  (6,'Noah Davis','2026-02-18T12:15:00Z',0),
  (7,'Olivia Wilson','2026-02-18T12:15:00Z',0),
  (8,'Ethan Martinez','2026-02-18T12:15:00Z',0),
  (9,'Ava Anderson','2026-02-18T12:15:00Z',0),
  (10,'Mason Taylor','2026-02-18T12:15:00Z',0),
  (11,'Sophia Thomas','2026-02-18T12:15:00Z',0),
  (12,'Logan Jackson','2026-02-18T12:15:00Z',0),
  (13,'Isabella White','2026-02-18T12:15:00Z',0),
  (14,'Lucas Harris','2026-02-18T12:15:00Z',0),
  (15,'Mia Martin','2026-02-18T12:15:00Z',0),
  (16,'Henry Thompson','2026-02-18T12:15:00Z',0),
  (17,'Amelia Moore','2026-02-18T12:15:00Z',0),
  (18,'James Lee','2026-02-18T12:15:00Z',0),
  (19,'Harper Perez','2026-02-18T12:15:00Z',0),
  (20,'Benjamin Clark','2026-02-18T12:15:00Z',0),
  (21,'Evelyn Lewis','2026-02-18T12:15:00Z',0),
  (22,'Elijah Walker','2026-02-18T12:15:00Z',0),
  (23,'Charlotte Hall','2026-02-18T12:15:00Z',0),
  (24,'William Allen','2026-02-18T12:15:00Z',0),
  (25,'Abigail Young','2026-02-18T12:15:00Z',0),
  (26,'Daniel Hernandez','2026-02-18T12:15:00Z',0),
  (27,'Emily King','2026-02-18T12:15:00Z',0),
  (28,'Michael Wright','2026-02-18T12:15:00Z',0),
  (29,'Ella Scott','2026-02-18T12:15:00Z',0),
  (30,'Sebastian Green','2026-02-18T12:15:00Z',0),
  (31,'Grace Adams','2026-02-18T12:15:00Z',0),
  (32,'Jack Baker','2026-02-18T12:15:00Z',0),
  (33,'Aria Nelson','2026-02-18T12:15:00Z',0),
  (34,'Oliver Carter','2026-02-18T12:15:00Z',0),
  (35,'Chloe Rivera','2026-02-18T12:15:00Z',0),
  (36,'Matthew Mitchell','2026-02-18T12:15:00Z',0),
  (37,'Luna Roberts','2026-02-18T12:15:00Z',0),
  (38,'Aiden Turner','2026-02-18T12:15:00Z',0),
  (39,'Zoe Phillips','2026-02-18T12:15:00Z',0),
  (40,'Carter Campbell','2026-02-18T12:15:00Z',0),
  (41,'Layla Parker','2026-02-18T12:15:00Z',0),
  (42,'Luke Evans','2026-02-18T12:15:00Z',0),
  (43,'Scarlett Edwards','2026-02-18T12:15:00Z',0),
  (44,'Wyatt Collins','2026-02-18T12:15:00Z',0),
  (45,'Riley Stewart','2026-02-18T12:15:00Z',0),
  (46,'Caleb Sanchez','2026-02-18T12:15:00Z',0),
  (47,'Nora Morris','2026-02-18T12:15:00Z',0),
  (48,'Isaac Rogers','2026-02-18T12:15:00Z',0),
  (49,'Lily Reed','2026-02-18T12:15:00Z',0),
  (50,'Andrew Cook','2026-02-18T12:15:00Z',0);

INSERT INTO "Flights" ("Id","FlightNumber","Gate","Status","ScheduledDeparture","ScheduledArrival","CreatedAt","IsDeleted")
VALUES
  (1,815,'A12','On Time','2026-02-19T09:30:00Z','2026-02-19T13:45:00Z','2026-02-18T12:20:00Z',0),
  (2,212,'B4','Delayed','2026-02-20T14:10:00Z','2026-02-20T18:05:00Z','2026-02-18T12:20:00Z',0);

INSERT INTO "Bookings" ("Id","RoomId","GuestId","DepartureFlightId","CheckIn","CheckOut","CreatedAt","IsDeleted")
VALUES
  (1,'RM-101',1,1,'2026-02-18','2026-02-22','2026-02-18T12:25:00Z',0),
  (2,'RM-101',2,2,'2026-02-18','2026-02-22','2026-02-18T12:25:00Z',0),
  (3,'RM-102',3,1,'2026-02-18','2026-02-22','2026-02-18T12:25:00Z',0),
  (4,'RM-103',4,2,'2026-02-18','2026-02-22','2026-02-18T12:25:00Z',0),
  (5,'RM-103',5,1,'2026-02-18','2026-02-22','2026-02-18T12:25:00Z',0),
  (6,'RM-104',6,2,'2026-02-18','2026-02-22','2026-02-18T12:25:00Z',0),
  (7,'RM-105',7,1,'2026-02-18','2026-02-22','2026-02-18T12:25:00Z',0),
  (8,'RM-105',8,2,'2026-02-18','2026-02-22','2026-02-18T12:25:00Z',0),
  (9,'RM-106',9,1,'2026-02-18','2026-02-22','2026-02-18T12:25:00Z',0),
  (10,'RM-107',10,2,'2026-02-18','2026-02-22','2026-02-18T12:25:00Z',0),
  (11,'RM-107',11,1,'2026-02-18','2026-02-22','2026-02-18T12:25:00Z',0),
  (12,'RM-108',12,2,'2026-02-18','2026-02-22','2026-02-18T12:25:00Z',0),
  (13,'RM-108',13,1,'2026-02-18','2026-02-22','2026-02-18T12:25:00Z',0),
  (14,'RM-109',14,2,'2026-02-18','2026-02-22','2026-02-18T12:25:00Z',0),
  (15,'RM-110',15,1,'2026-02-18','2026-02-22','2026-02-18T12:25:00Z',0),
  (16,'RM-110',16,2,'2026-02-18','2026-02-22','2026-02-18T12:25:00Z',0),
  (17,'RM-111',17,1,'2026-02-18','2026-02-22','2026-02-18T12:25:00Z',0),
  (18,'RM-112',18,2,'2026-02-18','2026-02-22','2026-02-18T12:25:00Z',0),
  (19,'RM-112',19,1,'2026-02-18','2026-02-22','2026-02-18T12:25:00Z',0),
  (20,'RM-113',20,2,'2026-02-18','2026-02-22','2026-02-18T12:25:00Z',0),
  (21,'RM-114',21,1,'2026-02-18','2026-02-22','2026-02-18T12:25:00Z',0),
  (22,'RM-115',22,2,'2026-02-18','2026-02-22','2026-02-18T12:25:00Z',0),
  (23,'RM-115',23,1,'2026-02-18','2026-02-22','2026-02-18T12:25:00Z',0),
  (24,'RM-116',24,2,'2026-02-18','2026-02-22','2026-02-18T12:25:00Z',0),
  (25,'RM-117',25,1,'2026-02-18','2026-02-22','2026-02-18T12:25:00Z',0),
  (26,'RM-118',26,2,'2026-02-18','2026-02-22','2026-02-18T12:25:00Z',0),
  (27,'RM-201',27,1,'2026-02-18','2026-02-22','2026-02-18T12:25:00Z',0),
  (28,'RM-201',28,2,'2026-02-18','2026-02-22','2026-02-18T12:25:00Z',0),
  (29,'RM-202',29,1,'2026-02-18','2026-02-22','2026-02-18T12:25:00Z',0),
  (30,'RM-203',30,2,'2026-02-18','2026-02-22','2026-02-18T12:25:00Z',0),
  (31,'RM-203',31,1,'2026-02-18','2026-02-22','2026-02-18T12:25:00Z',0),
  (32,'RM-204',32,2,'2026-02-18','2026-02-22','2026-02-18T12:25:00Z',0),
  (33,'RM-205',33,1,'2026-02-18','2026-02-22','2026-02-18T12:25:00Z',0),
  (34,'RM-205',34,2,'2026-02-18','2026-02-22','2026-02-18T12:25:00Z',0),
  (35,'RM-206',35,1,'2026-02-18','2026-02-22','2026-02-18T12:25:00Z',0),
  (36,'RM-207',36,2,'2026-02-18','2026-02-22','2026-02-18T12:25:00Z',0),
  (37,'RM-208',37,1,'2026-02-18','2026-02-22','2026-02-18T12:25:00Z',0),
  (38,'RM-208',38,2,'2026-02-18','2026-02-22','2026-02-18T12:25:00Z',0),
  (39,'RM-209',39,1,'2026-02-18','2026-02-22','2026-02-18T12:25:00Z',0),
  (40,'RM-210',40,2,'2026-02-18','2026-02-22','2026-02-18T12:25:00Z',0),
  (41,'RM-211',41,1,'2026-02-18','2026-02-22','2026-02-18T12:25:00Z',0),
  (42,'RM-212',42,2,'2026-02-18','2026-02-22','2026-02-18T12:25:00Z',0),
  (43,'RM-212',43,1,'2026-02-18','2026-02-22','2026-02-18T12:25:00Z',0),
  (44,'RM-213',44,2,'2026-02-18','2026-02-22','2026-02-18T12:25:00Z',0),
  (45,'RM-214',45,1,'2026-02-18','2026-02-22','2026-02-18T12:25:00Z',0),
  (46,'RM-214',46,2,'2026-02-18','2026-02-22','2026-02-18T12:25:00Z',0),
  (47,'RM-215',47,1,'2026-02-18','2026-02-22','2026-02-18T12:25:00Z',0),
  (48,'RM-216',48,2,'2026-02-18','2026-02-22','2026-02-18T12:25:00Z',0),
  (49,'RM-216',49,1,'2026-02-18','2026-02-22','2026-02-18T12:25:00Z',0),
  (50,'RM-217',50,2,'2026-02-18','2026-02-22','2026-02-18T12:25:00Z',0);

INSERT INTO "Messages" ("Id","HotelId","BookingId","Content","ExpiresAt","IsActive","CreatedAt","IsDeleted")
VALUES
  (1,1,1,'Welcome to Arlanda Airport Hotel! Shuttle runs every 15 minutes.','2026-02-25T12:00:00Z',1,'2026-02-18T12:30:00Z',0),
  (2,2,2,'Runway Inn: complimentary breakfast 6–10 AM; gate info at front desk.','2026-02-26T12:00:00Z',1,'2026-02-18T12:30:00Z',0);

UPDATE sqlite_sequence SET seq=(SELECT MAX("Id") FROM "Admins")   WHERE name='Admins';
UPDATE sqlite_sequence SET seq=(SELECT MAX("Id") FROM "Bookings") WHERE name='Bookings';
UPDATE sqlite_sequence SET seq=(SELECT MAX("Id") FROM "Flights")  WHERE name='Flights';
UPDATE sqlite_sequence SET seq=(SELECT MAX("Id") FROM "Guests")   WHERE name='Guests';
UPDATE sqlite_sequence SET seq=(SELECT MAX("Id") FROM "Hotels")   WHERE name='Hotels';
UPDATE sqlite_sequence SET seq=(SELECT MAX("Id") FROM "Messages") WHERE name='Messages';

COMMIT;
