BEGIN TRANSACTION;

DELETE FROM "Messages";
DELETE FROM "Bookings";
DELETE FROM "Admins";
DELETE FROM "Rooms";
DELETE FROM "Guests";
DELETE FROM "Hotels";

INSERT INTO "Hotels" ("Id","Name","IcaoCode","CreatedAt","IsDeleted")
VALUES
  ('10000000-0000-0000-0000-000000000001','Arlanda Airport Hotel (TEST)','ARN','2026-02-18T12:00:00Z',0),
  ('10000000-0000-0000-0000-000000000002','Runway Inn','RWY2','2026-02-18T12:00:00Z',0);

INSERT INTO "Rooms" ("Id","HotelId","RoomNumber","CreatedAt","IsDeleted")
VALUES
  ('20000000-0000-0000-0000-000000000101','10000000-0000-0000-0000-000000000001','101','2026-02-18T12:05:00Z',0),
  ('20000000-0000-0000-0000-000000000102','10000000-0000-0000-0000-000000000001','102','2026-02-18T12:05:00Z',0),
  ('20000000-0000-0000-0000-000000000103','10000000-0000-0000-0000-000000000001','103','2026-02-18T12:05:00Z',0),
  ('20000000-0000-0000-0000-000000000104','10000000-0000-0000-0000-000000000001','104','2026-02-18T12:05:00Z',0),
  ('20000000-0000-0000-0000-000000000105','10000000-0000-0000-0000-000000000001','105','2026-02-18T12:05:00Z',0),
  ('20000000-0000-0000-0000-000000000106','10000000-0000-0000-0000-000000000001','106','2026-02-18T12:05:00Z',0),
  ('20000000-0000-0000-0000-000000000107','10000000-0000-0000-0000-000000000001','107','2026-02-18T12:05:00Z',0),
  ('20000000-0000-0000-0000-000000000108','10000000-0000-0000-0000-000000000001','108','2026-02-18T12:05:00Z',0),
  ('20000000-0000-0000-0000-000000000109','10000000-0000-0000-0000-000000000001','109','2026-02-18T12:05:00Z',0),
  ('20000000-0000-0000-0000-000000000110','10000000-0000-0000-0000-000000000001','110','2026-02-18T12:05:00Z',0),
  ('20000000-0000-0000-0000-000000000111','10000000-0000-0000-0000-000000000001','111','2026-02-18T12:05:00Z',0),
  ('20000000-0000-0000-0000-000000000112','10000000-0000-0000-0000-000000000001','112','2026-02-18T12:05:00Z',0),
  ('20000000-0000-0000-0000-000000000113','10000000-0000-0000-0000-000000000001','113','2026-02-18T12:05:00Z',0),
  ('20000000-0000-0000-0000-000000000114','10000000-0000-0000-0000-000000000001','114','2026-02-18T12:05:00Z',0),
  ('20000000-0000-0000-0000-000000000115','10000000-0000-0000-0000-000000000001','115','2026-02-18T12:05:00Z',0),
  ('20000000-0000-0000-0000-000000000116','10000000-0000-0000-0000-000000000001','116','2026-02-18T12:05:00Z',0),
  ('20000000-0000-0000-0000-000000000117','10000000-0000-0000-0000-000000000001','117','2026-02-18T12:05:00Z',0),
  ('20000000-0000-0000-0000-000000000118','10000000-0000-0000-0000-000000000001','118','2026-02-18T12:05:00Z',0),
  ('20000000-0000-0000-0000-000000000201','10000000-0000-0000-0000-000000000002','201','2026-02-18T12:05:00Z',0),
  ('20000000-0000-0000-0000-000000000202','10000000-0000-0000-0000-000000000002','202','2026-02-18T12:05:00Z',0),
  ('20000000-0000-0000-0000-000000000203','10000000-0000-0000-0000-000000000002','203','2026-02-18T12:05:00Z',0),
  ('20000000-0000-0000-0000-000000000204','10000000-0000-0000-0000-000000000002','204','2026-02-18T12:05:00Z',0),
  ('20000000-0000-0000-0000-000000000205','10000000-0000-0000-0000-000000000002','205','2026-02-18T12:05:00Z',0),
  ('20000000-0000-0000-0000-000000000206','10000000-0000-0000-0000-000000000002','206','2026-02-18T12:05:00Z',0),
  ('20000000-0000-0000-0000-000000000207','10000000-0000-0000-0000-000000000002','207','2026-02-18T12:05:00Z',0),
  ('20000000-0000-0000-0000-000000000208','10000000-0000-0000-0000-000000000002','208','2026-02-18T12:05:00Z',0),
  ('20000000-0000-0000-0000-000000000209','10000000-0000-0000-0000-000000000002','209','2026-02-18T12:05:00Z',0),
  ('20000000-0000-0000-0000-000000000210','10000000-0000-0000-0000-000000000002','210','2026-02-18T12:05:00Z',0),
  ('20000000-0000-0000-0000-000000000211','10000000-0000-0000-0000-000000000002','211','2026-02-18T12:05:00Z',0),
  ('20000000-0000-0000-0000-000000000212','10000000-0000-0000-0000-000000000002','212','2026-02-18T12:05:00Z',0),
  ('20000000-0000-0000-0000-000000000213','10000000-0000-0000-0000-000000000002','213','2026-02-18T12:05:00Z',0),
  ('20000000-0000-0000-0000-000000000214','10000000-0000-0000-0000-000000000002','214','2026-02-18T12:05:00Z',0),
  ('20000000-0000-0000-0000-000000000215','10000000-0000-0000-0000-000000000002','215','2026-02-18T12:05:00Z',0),
  ('20000000-0000-0000-0000-000000000216','10000000-0000-0000-0000-000000000002','216','2026-02-18T12:05:00Z',0),
  ('20000000-0000-0000-0000-000000000217','10000000-0000-0000-0000-000000000002','217','2026-02-18T12:05:00Z',0);

INSERT INTO "Admins" ("Id","HotelId","Username","PasswordHash","FirstName","LastName","Role","CreatedAt","IsDeleted")
VALUES
  ('50000000-0000-0000-0000-000000000001','10000000-0000-0000-0000-000000000001','admin_arn','$2a$12$XovokFHELhfYaUda7x1nNuSqlb0W0jriVirNRC7b/sOpXNxRqGFEO','Arlanda','Admin','Manager','2026-02-18T12:10:00Z',0),
  ('50000000-0000-0000-0000-000000000002','10000000-0000-0000-0000-000000000002','admin_rwy','$2a$12$XovokFHELhfYaUda7x1nNuSqlb0W0jriVirNRC7b/sOpXNxRqGFEO','Runway','Admin','Manager','2026-02-18T12:10:00Z',0);

INSERT INTO "Guests" ("Id","FirstName","LastName","CreatedAt","IsDeleted")
VALUES
  ('30000000-0000-0000-0000-000000000001','Nikita','Sjölander','2026-02-18T12:15:00Z',0),
  ('30000000-0000-0000-0000-000000000002','Roni','Jouma','2026-02-18T12:15:00Z',0),
  ('30000000-0000-0000-0000-000000000003','Clark','Kent','2026-02-18T12:15:00Z',0),
  ('30000000-0000-0000-0000-000000000004','Liam','Smith','2026-02-18T12:15:00Z',0),
  ('30000000-0000-0000-0000-000000000005','Emma','Brown','2026-02-18T12:15:00Z',0),
  ('30000000-0000-0000-0000-000000000006','Noah','Davis','2026-02-18T12:15:00Z',0),
  ('30000000-0000-0000-0000-000000000007','Olivia','Wilson','2026-02-18T12:15:00Z',0),
  ('30000000-0000-0000-0000-000000000008','Ethan','Martinez','2026-02-18T12:15:00Z',0),
  ('30000000-0000-0000-0000-000000000009','Ava','Anderson','2026-02-18T12:15:00Z',0),
  ('30000000-0000-0000-0000-000000000010','Mason','Taylor','2026-02-18T12:15:00Z',0),
  ('30000000-0000-0000-0000-000000000011','Sophia','Thomas','2026-02-18T12:15:00Z',0),
  ('30000000-0000-0000-0000-000000000012','Logan','Jackson','2026-02-18T12:15:00Z',0),
  ('30000000-0000-0000-0000-000000000013','Isabella','White','2026-02-18T12:15:00Z',0),
  ('30000000-0000-0000-0000-000000000014','Lucas','Harris','2026-02-18T12:15:00Z',0),
  ('30000000-0000-0000-0000-000000000015','Mia','Martin','2026-02-18T12:15:00Z',0),
  ('30000000-0000-0000-0000-000000000016','Henry','Thompson','2026-02-18T12:15:00Z',0),
  ('30000000-0000-0000-0000-000000000017','Amelia','Moore','2026-02-18T12:15:00Z',0),
  ('30000000-0000-0000-0000-000000000018','James','Lee','2026-02-18T12:15:00Z',0),
  ('30000000-0000-0000-0000-000000000019','Harper','Perez','2026-02-18T12:15:00Z',0),
  ('30000000-0000-0000-0000-000000000020','Benjamin','Clark','2026-02-18T12:15:00Z',0),
  ('30000000-0000-0000-0000-000000000021','Evelyn','Lewis','2026-02-18T12:15:00Z',0),
  ('30000000-0000-0000-0000-000000000022','Elijah','Walker','2026-02-18T12:15:00Z',0),
  ('30000000-0000-0000-0000-000000000023','Charlotte','Hall','2026-02-18T12:15:00Z',0),
  ('30000000-0000-0000-0000-000000000024','William','Allen','2026-02-18T12:15:00Z',0),
  ('30000000-0000-0000-0000-000000000025','Abigail','Young','2026-02-18T12:15:00Z',0),
  ('30000000-0000-0000-0000-000000000026','Daniel','Hernandez','2026-02-18T12:15:00Z',0),
  ('30000000-0000-0000-0000-000000000027','Emily','King','2026-02-18T12:15:00Z',0),
  ('30000000-0000-0000-0000-000000000028','Michael','Wright','2026-02-18T12:15:00Z',0),
  ('30000000-0000-0000-0000-000000000029','Ella','Scott','2026-02-18T12:15:00Z',0),
  ('30000000-0000-0000-0000-000000000030','Sebastian','Green','2026-02-18T12:15:00Z',0),
  ('30000000-0000-0000-0000-000000000031','Grace','Adams','2026-02-18T12:15:00Z',0),
  ('30000000-0000-0000-0000-000000000032','Jack','Baker','2026-02-18T12:15:00Z',0),
  ('30000000-0000-0000-0000-000000000033','Aria','Nelson','2026-02-18T12:15:00Z',0),
  ('30000000-0000-0000-0000-000000000034','Oliver','Carter','2026-02-18T12:15:00Z',0),
  ('30000000-0000-0000-0000-000000000035','Chloe','Rivera','2026-02-18T12:15:00Z',0),
  ('30000000-0000-0000-0000-000000000036','Matthew','Mitchell','2026-02-18T12:15:00Z',0),
  ('30000000-0000-0000-0000-000000000037','Luna','Roberts','2026-02-18T12:15:00Z',0),
  ('30000000-0000-0000-0000-000000000038','Aiden','Turner','2026-02-18T12:15:00Z',0),
  ('30000000-0000-0000-0000-000000000039','Zoe','Phillips','2026-02-18T12:15:00Z',0),
  ('30000000-0000-0000-0000-000000000040','Carter','Campbell','2026-02-18T12:15:00Z',0),
  ('30000000-0000-0000-0000-000000000041','Layla','Parker','2026-02-18T12:15:00Z',0),
  ('30000000-0000-0000-0000-000000000042','Luke','Evans','2026-02-18T12:15:00Z',0),
  ('30000000-0000-0000-0000-000000000043','Scarlett','Edwards','2026-02-18T12:15:00Z',0),
  ('30000000-0000-0000-0000-000000000044','Wyatt','Collins','2026-02-18T12:15:00Z',0),
  ('30000000-0000-0000-0000-000000000045','Riley','Stewart','2026-02-18T12:15:00Z',0),
  ('30000000-0000-0000-0000-000000000046','Caleb','Sanchez','2026-02-18T12:15:00Z',0),
  ('30000000-0000-0000-0000-000000000047','Nora','Morris','2026-02-18T12:15:00Z',0),
  ('30000000-0000-0000-0000-000000000048','Isaac','Rogers','2026-02-18T12:15:00Z',0),
  ('30000000-0000-0000-0000-000000000049','Lily','Reed','2026-02-18T12:15:00Z',0),
  ('30000000-0000-0000-0000-000000000050','Andrew','Cook','2026-02-18T12:15:00Z',0);


INSERT INTO "Bookings" ("Id","RoomId","GuestId","FlightNumber","CheckIn","CheckOut","NumberOfGuests","CreatedAt","IsDeleted", "Status")
VALUES
  ('60000000-0000-0000-0000-000000000001','20000000-0000-0000-0000-000000000101','30000000-0000-0000-0000-000000000001','FR312','2026-04-27','2026-04-28',2,'2026-04-15T10:00:00Z',0,'Active'),
  ('60000000-0000-0000-0000-000000000002','20000000-0000-0000-0000-000000000102','30000000-0000-0000-0000-000000000002','815','2026-04-27','2026-04-29',1,'2026-04-15T10:00:00Z',0,'Active'),
  ('60000000-0000-0000-0000-000000000003','20000000-0000-0000-0000-000000000103','30000000-0000-0000-0000-000000000003','212','2026-04-17','2026-04-30',2,'2026-04-15T10:00:00Z',0,'Active'),
  ('60000000-0000-0000-0000-000000000004','20000000-0000-0000-0000-000000000104','30000000-0000-0000-0000-000000000004','212','2026-04-17','2026-04-28',1,'2026-04-15T10:00:00Z',0,'Active'),
  ('60000000-0000-0000-0000-000000000005','20000000-0000-0000-0000-000000000105','30000000-0000-0000-0000-000000000005','337','2026-04-17','2026-04-22',2,'2026-04-15T10:00:00Z',0,'Active'),
  ('60000000-0000-0000-0000-000000000006','20000000-0000-0000-0000-000000000106','30000000-0000-0000-0000-000000000006','337','2026-04-17','2026-04-22',1,'2026-04-15T10:00:00Z',0,'Active'),
  ('60000000-0000-0000-0000-000000000007','20000000-0000-0000-0000-000000000107','30000000-0000-0000-0000-000000000007','501','2026-04-18','2026-04-23',2,'2026-04-15T10:00:00Z',0,'Active'),
  ('60000000-0000-0000-0000-000000000008','20000000-0000-0000-0000-000000000108','30000000-0000-0000-0000-000000000008','501','2026-04-18','2026-04-23',2,'2026-04-15T10:00:00Z',0,'Active'),
  ('60000000-0000-0000-0000-000000000009','20000000-0000-0000-0000-000000000109','30000000-0000-0000-0000-000000000009','815','2026-04-10','2026-04-14',1,'2026-04-09T10:00:00Z',0,'Completed'),
  ('60000000-0000-0000-0000-000000000010','20000000-0000-0000-0000-000000000110','30000000-0000-0000-0000-000000000010','815','2026-04-10','2026-04-14',2,'2026-04-09T10:00:00Z',0,'Completed'),
  ('60000000-0000-0000-0000-000000000011','20000000-0000-0000-0000-000000000111','30000000-0000-0000-0000-000000000011','212','2026-04-12','2026-04-16',1,'2026-04-11T10:00:00Z',0,'Completed'),
  ('60000000-0000-0000-0000-000000000012','20000000-0000-0000-0000-000000000112','30000000-0000-0000-0000-000000000012','212','2026-04-12','2026-04-16',2,'2026-04-11T10:00:00Z',0,'Completed'),
  ('60000000-0000-0000-0000-000000000013','20000000-0000-0000-0000-000000000113','30000000-0000-0000-0000-000000000013','337','2026-04-20','2026-04-25',1,'2026-04-15T10:00:00Z',0,'Confirmed'),
  ('60000000-0000-0000-0000-000000000014','20000000-0000-0000-0000-000000000114','30000000-0000-0000-0000-000000000014','337','2026-04-20','2026-04-25',1,'2026-04-15T10:00:00Z',0,'Confirmed'),
  ('60000000-0000-0000-0000-000000000015','20000000-0000-0000-0000-000000000115','30000000-0000-0000-0000-000000000015','815','2026-04-22','2026-04-27',2,'2026-04-15T10:00:00Z',0,'Confirmed'),
  ('60000000-0000-0000-0000-000000000016','20000000-0000-0000-0000-000000000116','30000000-0000-0000-0000-000000000016','815','2026-04-22','2026-04-27',1,'2026-04-15T10:00:00Z',0,'Confirmed'),
  ('60000000-0000-0000-0000-000000000017','20000000-0000-0000-0000-000000000117','30000000-0000-0000-0000-000000000017','815','2026-04-15','2026-04-19',1,'2026-04-14T10:00:00Z',0,'Active'),
  ('60000000-0000-0000-0000-000000000018','20000000-0000-0000-0000-000000000118','30000000-0000-0000-0000-000000000018','815','2026-04-15','2026-04-19',1,'2026-04-14T10:00:00Z',0,'Active'),
  ('60000000-0000-0000-0000-000000000019','20000000-0000-0000-0000-000000000201','30000000-0000-0000-0000-000000000019','815','2026-04-16','2026-04-20',2,'2026-04-15T10:00:00Z',0,'Active'),
  ('60000000-0000-0000-0000-000000000020','20000000-0000-0000-0000-000000000202','30000000-0000-0000-0000-000000000020','815','2026-04-16','2026-04-20',1,'2026-04-15T10:00:00Z',0,'Active'),
  ('60000000-0000-0000-0000-000000000021','20000000-0000-0000-0000-000000000203','30000000-0000-0000-0000-000000000021','815','2026-04-17','2026-04-21',2,'2026-04-15T10:00:00Z',0,'Active'),
  ('60000000-0000-0000-0000-000000000022','20000000-0000-0000-0000-000000000204','30000000-0000-0000-0000-000000000022','815','2026-04-17','2026-04-21',1,'2026-04-15T10:00:00Z',0,'Active'),
  ('60000000-0000-0000-0000-000000000023','20000000-0000-0000-0000-000000000205','30000000-0000-0000-0000-000000000023','815','2026-04-18','2026-04-23',2,'2026-04-15T10:00:00Z',0,'Active'),
  ('60000000-0000-0000-0000-000000000024','20000000-0000-0000-0000-000000000206','30000000-0000-0000-0000-000000000024','815','2026-04-18','2026-04-23',1,'2026-04-15T10:00:00Z',0,'Active'),
  ('60000000-0000-0000-0000-000000000025','20000000-0000-0000-0000-000000000207','30000000-0000-0000-0000-000000000025','815','2026-04-19','2026-04-24',1,'2026-04-15T10:00:00Z',0,'Confirmed'),
  ('60000000-0000-0000-0000-000000000026','20000000-0000-0000-0000-000000000208','30000000-0000-0000-0000-000000000026','815','2026-04-19','2026-04-24',2,'2026-04-15T10:00:00Z',0,'Confirmed'),
  ('60000000-0000-0000-0000-000000000027','20000000-0000-0000-0000-000000000209','30000000-0000-0000-0000-000000000027','815','2026-04-20','2026-04-25',1,'2026-04-15T10:00:00Z',0,'Confirmed'),
  ('60000000-0000-0000-0000-000000000028','20000000-0000-0000-0000-000000000210','30000000-0000-0000-0000-000000000028','815','2026-04-20','2026-04-25',1,'2026-04-15T10:00:00Z',0,'Confirmed'),
  ('60000000-0000-0000-0000-000000000029','20000000-0000-0000-0000-000000000211','30000000-0000-0000-0000-000000000029','815','2026-04-21','2026-04-26',1,'2026-04-15T10:00:00Z',0,'Confirmed'),
  ('60000000-0000-0000-0000-000000000030','20000000-0000-0000-0000-000000000212','30000000-0000-0000-0000-000000000030','815','2026-04-21','2026-04-26',2,'2026-04-15T10:00:00Z',0,'Confirmed'),
  ('60000000-0000-0000-0000-000000000031','20000000-0000-0000-0000-000000000213','30000000-0000-0000-0000-000000000031','337','2026-04-22','2026-04-27',1,'2026-04-15T10:00:00Z',0,'Confirmed'),
  ('60000000-0000-0000-0000-000000000032','20000000-0000-0000-0000-000000000214','30000000-0000-0000-0000-000000000032','501','2026-04-22','2026-04-27',2,'2026-04-15T10:00:00Z',0,'Confirmed'),
  ('60000000-0000-0000-0000-000000000033','20000000-0000-0000-0000-000000000215','30000000-0000-0000-0000-000000000033','400','2026-04-25','2026-04-30',1,'2026-04-15T10:00:00Z',0,'Confirmed'),
  ('60000000-0000-0000-0000-000000000034','20000000-0000-0000-0000-000000000216','30000000-0000-0000-0000-000000000034','400','2026-04-25','2026-04-30',2,'2026-04-15T10:00:00Z',0,'Confirmed'),
  ('60000000-0000-0000-0000-000000000035','20000000-0000-0000-0000-000000000217','30000000-0000-0000-0000-000000000035','400','2026-04-26','2026-05-01',1,'2026-04-15T10:00:00Z',0,'Confirmed');

INSERT INTO "Messages" ("Id","HotelId","BookingId","Content","Title","PostedBy","ExpiresAt","IsActive","CreatedAt","IsDeleted","PostAt","RecurrenceType","RecurrenceDays","RecurrenceTimeStart","RecurrenceTimeEnd")
VALUES
  -- Hotel-wide broadcast: None recurrence, permanent
  ('70000000-0000-0000-0000-000000000001','10000000-0000-0000-0000-000000000001',NULL,'Shuttle to terminal runs every 15 minutes from the main entrance. Contact reception for private transfers.','Welcome to Arlanda Airport Hotel','Front Desk','2026-12-31T23:59:00Z',1,'2026-04-20T08:00:00Z',0,'2026-04-20T08:00:00Z','None',NULL,NULL,NULL),
  ('70000000-0000-0000-0000-000000000002','10000000-0000-0000-0000-000000000002',NULL,'Complimentary breakfast served 06:00–10:00 in the Sky Lounge (3rd floor). Gate information available at front desk.','Welcome to Runway Inn','Front Desk','2026-12-31T23:59:00Z',1,'2026-04-20T08:00:00Z',0,'2026-04-20T08:00:00Z','None',NULL,NULL,NULL),
  -- Personal booking messages: None recurrence
  ('70000000-0000-0000-0000-000000000003','10000000-0000-0000-0000-000000000001','60000000-0000-0000-0000-000000000001','Your departure SK0815 departs from gate A12 at 07:30 on April 21. Check-in closes 45 minutes before departure. Safe travels!','Flight Reminder','Arlanda Admin','2026-04-22T00:00:00Z',1,'2026-04-20T08:00:00Z',0,'2026-04-20T08:00:00Z','None',NULL,NULL,NULL),
  ('70000000-0000-0000-0000-000000000004','10000000-0000-0000-0000-000000000001','60000000-0000-0000-0000-000000000002','Your departure SK0815 departs from gate A12 at 07:30 on April 21. Check-in closes 45 minutes before departure. Safe travels!','Flight Reminder','Arlanda Admin','2026-04-22T00:00:00Z',1,'2026-04-20T08:00:00Z',0,'2026-04-20T08:00:00Z','None',NULL,NULL,NULL),
  ('70000000-0000-0000-0000-000000000006','10000000-0000-0000-0000-000000000002','60000000-0000-0000-0000-000000000003','Your flight SK0212 is currently delayed by 2 hours. Updated departure is 16:10. We apologise for the inconvenience.','Flight Delay Notice','Runway Admin','2026-04-21T20:00:00Z',1,'2026-04-20T09:00:00Z',0,'2026-04-20T09:00:00Z','None',NULL,NULL,NULL),
  -- Daily recurrence: active every day within time window
  ('70000000-0000-0000-0000-000000000005','10000000-0000-0000-0000-000000000001',NULL,'Pool and gym available on level B1. Towels provided. Sauna booking required at reception.','Facilities Open','Front Desk','2026-12-31T23:59:00Z',1,'2026-04-20T06:00:00Z',0,'2026-04-20T06:00:00Z','Daily',NULL,'06:00:00','22:00:00'),
  ('70000000-0000-0000-0000-000000000007','10000000-0000-0000-0000-000000000002',NULL,'Breakfast buffet is now open in the Sky Lounge on the 3rd floor. Enjoy your morning!','Breakfast Now Serving','Front Desk','2026-12-31T23:59:00Z',1,'2026-04-20T06:00:00Z',0,'2026-04-20T06:00:00Z','Daily',NULL,'06:00:00','10:00:00'),
  -- Weekly recurrence: Mon/Wed/Fri only, within time window
  ('70000000-0000-0000-0000-000000000008','10000000-0000-0000-0000-000000000001',NULL,'Yoga and meditation session in the wellness room (B2). Free for all guests. Bring your own mat or borrow one at reception.','Morning Wellness Session','Front Desk','2026-12-31T23:59:00Z',1,'2026-04-20T07:00:00Z',0,'2026-04-20T07:00:00Z','Weekly','Mon,Wed,Fri','07:00:00','08:30:00'),
  -- Weekly recurrence: Sat/Sun only, all day
  ('70000000-0000-0000-0000-000000000009','10000000-0000-0000-0000-000000000002',NULL,'Weekend brunch is served until 13:00 today. Live music from 11:00 in the main dining area.','Weekend Brunch','Front Desk','2026-12-31T23:59:00Z',1,'2026-04-20T10:00:00Z',0,'2026-04-20T10:00:00Z','Weekly','Sat,Sun','10:00:00','13:00:00'),
  -- Monthly recurrence: fires on the 20th of each month
  ('70000000-0000-0000-0000-000000000010','10000000-0000-0000-0000-000000000001',NULL,'Monthly safety drill today at 15:00. Please follow staff instructions. The drill lasts approximately 10 minutes.','Monthly Safety Drill','Arlanda Admin','2026-12-31T23:59:00Z',1,'2026-04-20T08:00:00Z',0,'2026-04-20T08:00:00Z','Monthly',NULL,NULL,NULL),
  -- Scheduled future PostAt: not yet visible
  ('70000000-0000-0000-0000-000000000011','10000000-0000-0000-0000-000000000001','60000000-0000-0000-0000-000000000005','Your room will be prepared for early check-in at 12:00 tomorrow. Please inform reception if your plans change.','Early Check-in Confirmation','Arlanda Admin','2026-04-23T12:00:00Z',1,'2026-04-20T08:00:00Z',0,'2026-04-21T10:00:00Z','None',NULL,NULL,NULL),
  -- Inactive message (IsActive = 0)
  ('70000000-0000-0000-0000-000000000012','10000000-0000-0000-0000-000000000002',NULL,'The rooftop bar is temporarily closed for maintenance. We apologise for the inconvenience.','Rooftop Bar Closed','Front Desk','2026-04-25T23:59:00Z',0,'2026-04-20T08:00:00Z',0,'2026-04-20T08:00:00Z','None',NULL,NULL,NULL);

COMMIT;
