BEGIN TRANSACTION;

DELETE FROM "Messages";
DELETE FROM "Bookings";
DELETE FROM "Admins";
DELETE FROM "Rooms";
DELETE FROM "Guests";
DELETE FROM "Flights";
DELETE FROM "Hotels";

INSERT INTO "Hotels" ("Id","Name","IcaoCode","CreatedAt","IsDeleted")
VALUES
  ('10000000-0000-0000-0000-000000000001','Arlanda Airport Hotel (TEST)','ARN','2026-02-18T12:00:00Z',0),
  ('10000000-0000-0000-0000-000000000002','Runway Inn','RWY2','2026-02-18T12:00:00Z',0);

INSERT INTO "Rooms" ("Id","HotelId","RoomNumber","CreatedAt","IsDeleted")
VALUES
  ('20000000-0000-0000-0000-000000000101','10000000-0000-0000-0000-000000000001','101','2026-02-18T12:05:00Z',0),
  ('20000000-0000-0000-0000-000000000102','10000000-0000-0000-0000-000000000001','102','2026-02-18T12:05:00Z',0),
  ('20000000-0000-0000-0000-000000000103','10000000-0000-0000-0000-000000000001','103','2026-02-18T12:05:00Z',0),
  ('20000000-0000-0000-0000-000000000104','10000000-0000-0000-0000-000000000001','104','2026-02-18T12:05:00Z',0),
  ('20000000-0000-0000-0000-000000000105','10000000-0000-0000-0000-000000000001','105','2026-02-18T12:05:00Z',0),
  ('20000000-0000-0000-0000-000000000106','10000000-0000-0000-0000-000000000001','106','2026-02-18T12:05:00Z',0),
  ('20000000-0000-0000-0000-000000000107','10000000-0000-0000-0000-000000000001','107','2026-02-18T12:05:00Z',0),
  ('20000000-0000-0000-0000-000000000108','10000000-0000-0000-0000-000000000001','108','2026-02-18T12:05:00Z',0),
  ('20000000-0000-0000-0000-000000000109','10000000-0000-0000-0000-000000000001','109','2026-02-18T12:05:00Z',0),
  ('20000000-0000-0000-0000-000000000110','10000000-0000-0000-0000-000000000001','110','2026-02-18T12:05:00Z',0),
  ('20000000-0000-0000-0000-000000000111','10000000-0000-0000-0000-000000000001','111','2026-02-18T12:05:00Z',0),
  ('20000000-0000-0000-0000-000000000112','10000000-0000-0000-0000-000000000001','112','2026-02-18T12:05:00Z',0),
  ('20000000-0000-0000-0000-000000000113','10000000-0000-0000-0000-000000000001','113','2026-02-18T12:05:00Z',0),
  ('20000000-0000-0000-0000-000000000114','10000000-0000-0000-0000-000000000001','114','2026-02-18T12:05:00Z',0),
  ('20000000-0000-0000-0000-000000000115','10000000-0000-0000-0000-000000000001','115','2026-02-18T12:05:00Z',0),
  ('20000000-0000-0000-0000-000000000116','10000000-0000-0000-0000-000000000001','116','2026-02-18T12:05:00Z',0),
  ('20000000-0000-0000-0000-000000000117','10000000-0000-0000-0000-000000000001','117','2026-02-18T12:05:00Z',0),
  ('20000000-0000-0000-0000-000000000118','10000000-0000-0000-0000-000000000001','118','2026-02-18T12:05:00Z',0),
  ('20000000-0000-0000-0000-000000000201','10000000-0000-0000-0000-000000000002','201','2026-02-18T12:05:00Z',0),
  ('20000000-0000-0000-0000-000000000202','10000000-0000-0000-0000-000000000002','202','2026-02-18T12:05:00Z',0),
  ('20000000-0000-0000-0000-000000000203','10000000-0000-0000-0000-000000000002','203','2026-02-18T12:05:00Z',0),
  ('20000000-0000-0000-0000-000000000204','10000000-0000-0000-0000-000000000002','204','2026-02-18T12:05:00Z',0),
  ('20000000-0000-0000-0000-000000000205','10000000-0000-0000-0000-000000000002','205','2026-02-18T12:05:00Z',0),
  ('20000000-0000-0000-0000-000000000206','10000000-0000-0000-0000-000000000002','206','2026-02-18T12:05:00Z',0),
  ('20000000-0000-0000-0000-000000000207','10000000-0000-0000-0000-000000000002','207','2026-02-18T12:05:00Z',0),
  ('20000000-0000-0000-0000-000000000208','10000000-0000-0000-0000-000000000002','208','2026-02-18T12:05:00Z',0),
  ('20000000-0000-0000-0000-000000000209','10000000-0000-0000-0000-000000000002','209','2026-02-18T12:05:00Z',0),
  ('20000000-0000-0000-0000-000000000210','10000000-0000-0000-0000-000000000002','210','2026-02-18T12:05:00Z',0),
  ('20000000-0000-0000-0000-000000000211','10000000-0000-0000-0000-000000000002','211','2026-02-18T12:05:00Z',0),
  ('20000000-0000-0000-0000-000000000212','10000000-0000-0000-0000-000000000002','212','2026-02-18T12:05:00Z',0),
  ('20000000-0000-0000-0000-000000000213','10000000-0000-0000-0000-000000000002','213','2026-02-18T12:05:00Z',0),
  ('20000000-0000-0000-0000-000000000214','10000000-0000-0000-0000-000000000002','214','2026-02-18T12:05:00Z',0),
  ('20000000-0000-0000-0000-000000000215','10000000-0000-0000-0000-000000000002','215','2026-02-18T12:05:00Z',0),
  ('20000000-0000-0000-0000-000000000216','10000000-0000-0000-0000-000000000002','216','2026-02-18T12:05:00Z',0),
  ('20000000-0000-0000-0000-000000000217','10000000-0000-0000-0000-000000000002','217','2026-02-18T12:05:00Z',0);

INSERT INTO "Admins" ("Id","HotelId","Username","PasswordHash","FullName","Role","CreatedAt","IsDeleted")
VALUES
  ('50000000-0000-0000-0000-000000000001','10000000-0000-0000-0000-000000000001','admin_arn','hash_admin_arn','Arlanda Admin','Manager','2026-02-18T12:10:00Z',0),
  ('50000000-0000-0000-0000-000000000002','10000000-0000-0000-0000-000000000002','admin_rwy','hash_admin_rwy','Runway Admin','Manager','2026-02-18T12:10:00Z',0);

INSERT INTO "Guests" ("Id","FullName","CreatedAt","IsDeleted")
VALUES
  ('30000000-0000-0000-0000-000000000001','Nikita Sjölander','2026-02-18T12:15:00Z',0),
  ('30000000-0000-0000-0000-000000000002','Roni Jouma','2026-02-18T12:15:00Z',0),
  ('30000000-0000-0000-0000-000000000003','Clark Kent','2026-02-18T12:15:00Z',0),
  ('30000000-0000-0000-0000-000000000004','Liam Smith','2026-02-18T12:15:00Z',0),
  ('30000000-0000-0000-0000-000000000005','Emma Brown','2026-02-18T12:15:00Z',0),
  ('30000000-0000-0000-0000-000000000006','Noah Davis','2026-02-18T12:15:00Z',0),
  ('30000000-0000-0000-0000-000000000007','Olivia Wilson','2026-02-18T12:15:00Z',0),
  ('30000000-0000-0000-0000-000000000008','Ethan Martinez','2026-02-18T12:15:00Z',0),
  ('30000000-0000-0000-0000-000000000009','Ava Anderson','2026-02-18T12:15:00Z',0),
  ('30000000-0000-0000-0000-000000000010','Mason Taylor','2026-02-18T12:15:00Z',0),
  ('30000000-0000-0000-0000-000000000011','Sophia Thomas','2026-02-18T12:15:00Z',0),
  ('30000000-0000-0000-0000-000000000012','Logan Jackson','2026-02-18T12:15:00Z',0),
  ('30000000-0000-0000-0000-000000000013','Isabella White','2026-02-18T12:15:00Z',0),
  ('30000000-0000-0000-0000-000000000014','Lucas Harris','2026-02-18T12:15:00Z',0),
  ('30000000-0000-0000-0000-000000000015','Mia Martin','2026-02-18T12:15:00Z',0),
  ('30000000-0000-0000-0000-000000000016','Henry Thompson','2026-02-18T12:15:00Z',0),
  ('30000000-0000-0000-0000-000000000017','Amelia Moore','2026-02-18T12:15:00Z',0),
  ('30000000-0000-0000-0000-000000000018','James Lee','2026-02-18T12:15:00Z',0),
  ('30000000-0000-0000-0000-000000000019','Harper Perez','2026-02-18T12:15:00Z',0),
  ('30000000-0000-0000-0000-000000000020','Benjamin Clark','2026-02-18T12:15:00Z',0),
  ('30000000-0000-0000-0000-000000000021','Evelyn Lewis','2026-02-18T12:15:00Z',0),
  ('30000000-0000-0000-0000-000000000022','Elijah Walker','2026-02-18T12:15:00Z',0),
  ('30000000-0000-0000-0000-000000000023','Charlotte Hall','2026-02-18T12:15:00Z',0),
  ('30000000-0000-0000-0000-000000000024','William Allen','2026-02-18T12:15:00Z',0),
  ('30000000-0000-0000-0000-000000000025','Abigail Young','2026-02-18T12:15:00Z',0),
  ('30000000-0000-0000-0000-000000000026','Daniel Hernandez','2026-02-18T12:15:00Z',0),
  ('30000000-0000-0000-0000-000000000027','Emily King','2026-02-18T12:15:00Z',0),
  ('30000000-0000-0000-0000-000000000028','Michael Wright','2026-02-18T12:15:00Z',0),
  ('30000000-0000-0000-0000-000000000029','Ella Scott','2026-02-18T12:15:00Z',0),
  ('30000000-0000-0000-0000-000000000030','Sebastian Green','2026-02-18T12:15:00Z',0),
  ('30000000-0000-0000-0000-000000000031','Grace Adams','2026-02-18T12:15:00Z',0),
  ('30000000-0000-0000-0000-000000000032','Jack Baker','2026-02-18T12:15:00Z',0),
  ('30000000-0000-0000-0000-000000000033','Aria Nelson','2026-02-18T12:15:00Z',0),
  ('30000000-0000-0000-0000-000000000034','Oliver Carter','2026-02-18T12:15:00Z',0),
  ('30000000-0000-0000-0000-000000000035','Chloe Rivera','2026-02-18T12:15:00Z',0),
  ('30000000-0000-0000-0000-000000000036','Matthew Mitchell','2026-02-18T12:15:00Z',0),
  ('30000000-0000-0000-0000-000000000037','Luna Roberts','2026-02-18T12:15:00Z',0),
  ('30000000-0000-0000-0000-000000000038','Aiden Turner','2026-02-18T12:15:00Z',0),
  ('30000000-0000-0000-0000-000000000039','Zoe Phillips','2026-02-18T12:15:00Z',0),
  ('30000000-0000-0000-0000-000000000040','Carter Campbell','2026-02-18T12:15:00Z',0),
  ('30000000-0000-0000-0000-000000000041','Layla Parker','2026-02-18T12:15:00Z',0),
  ('30000000-0000-0000-0000-000000000042','Luke Evans','2026-02-18T12:15:00Z',0),
  ('30000000-0000-0000-0000-000000000043','Scarlett Edwards','2026-02-18T12:15:00Z',0),
  ('30000000-0000-0000-0000-000000000044','Wyatt Collins','2026-02-18T12:15:00Z',0),
  ('30000000-0000-0000-0000-000000000045','Riley Stewart','2026-02-18T12:15:00Z',0),
  ('30000000-0000-0000-0000-000000000046','Caleb Sanchez','2026-02-18T12:15:00Z',0),
  ('30000000-0000-0000-0000-000000000047','Nora Morris','2026-02-18T12:15:00Z',0),
  ('30000000-0000-0000-0000-000000000048','Isaac Rogers','2026-02-18T12:15:00Z',0),
  ('30000000-0000-0000-0000-000000000049','Lily Reed','2026-02-18T12:15:00Z',0),
  ('30000000-0000-0000-0000-000000000050','Andrew Cook','2026-02-18T12:15:00Z',0);

INSERT INTO "Flights" ("Id","FlightNumber","Gate","Status","ScheduledDeparture","ScheduledArrival","CreatedAt","IsDeleted")
VALUES
  ('40000000-0000-0000-0000-000000000001',815,'A12','On Time','2026-02-19T09:30:00Z','2026-02-19T13:45:00Z','2026-02-18T12:20:00Z',0),
  ('40000000-0000-0000-0000-000000000002',212,'B4','Delayed','2026-02-20T14:10:00Z','2026-02-20T18:05:00Z','2026-02-18T12:20:00Z',0);

INSERT INTO "Bookings" ("Id","RoomId","GuestId","FlightId","CheckIn","CheckOut","NumberOfGuests","CreatedAt","IsDeleted")
VALUES
  ('60000000-0000-0000-0000-000000000001','20000000-0000-0000-0000-000000000101','30000000-0000-0000-0000-000000000001','40000000-0000-0000-0000-000000000001','2026-02-18','2026-02-22',2,'2026-02-18T12:25:00Z',0),
  ('60000000-0000-0000-0000-000000000002','20000000-0000-0000-0000-000000000102','30000000-0000-0000-0000-000000000003','40000000-0000-0000-0000-000000000001','2026-02-18','2026-02-22',1,'2026-02-18T12:25:00Z',0),
  ('60000000-0000-0000-0000-000000000003','20000000-0000-0000-0000-000000000103','30000000-0000-0000-0000-000000000004','40000000-0000-0000-0000-000000000002','2026-02-18','2026-02-22',2,'2026-02-18T12:25:00Z',0),
  ('60000000-0000-0000-0000-000000000004','20000000-0000-0000-0000-000000000104','30000000-0000-0000-0000-000000000006','40000000-0000-0000-0000-000000000002','2026-02-18','2026-02-22',1,'2026-02-18T12:25:00Z',0),
  ('60000000-0000-0000-0000-000000000005','20000000-0000-0000-0000-000000000105','30000000-0000-0000-0000-000000000007','40000000-0000-0000-0000-000000000001','2026-02-18','2026-02-22',2,'2026-02-18T12:25:00Z',0),
  ('60000000-0000-0000-0000-000000000006','20000000-0000-0000-0000-000000000106','30000000-0000-0000-0000-000000000009','40000000-0000-0000-0000-000000000001','2026-02-18','2026-02-22',1,'2026-02-18T12:25:00Z',0),
  ('60000000-0000-0000-0000-000000000007','20000000-0000-0000-0000-000000000107','30000000-0000-0000-0000-000000000010','40000000-0000-0000-0000-000000000002','2026-02-18','2026-02-22',2,'2026-02-18T12:25:00Z',0),
  ('60000000-0000-0000-0000-000000000008','20000000-0000-0000-0000-000000000108','30000000-0000-0000-0000-000000000012','40000000-0000-0000-0000-000000000002','2026-02-18','2026-02-22',2,'2026-02-18T12:25:00Z',0),
  ('60000000-0000-0000-0000-000000000009','20000000-0000-0000-0000-000000000109','30000000-0000-0000-0000-000000000014','40000000-0000-0000-0000-000000000002','2026-02-18','2026-02-22',1,'2026-02-18T12:25:00Z',0),
  ('60000000-0000-0000-0000-000000000010','20000000-0000-0000-0000-000000000110','30000000-0000-0000-0000-000000000015','40000000-0000-0000-0000-000000000001','2026-02-18','2026-02-22',2,'2026-02-18T12:25:00Z',0),
  ('60000000-0000-0000-0000-000000000011','20000000-0000-0000-0000-000000000111','30000000-0000-0000-0000-000000000017','40000000-0000-0000-0000-000000000001','2026-02-18','2026-02-22',1,'2026-02-18T12:25:00Z',0),
  ('60000000-0000-0000-0000-000000000012','20000000-0000-0000-0000-000000000112','30000000-0000-0000-0000-000000000018','40000000-0000-0000-0000-000000000002','2026-02-18','2026-02-22',2,'2026-02-18T12:25:00Z',0),
  ('60000000-0000-0000-0000-000000000013','20000000-0000-0000-0000-000000000113','30000000-0000-0000-0000-000000000020','40000000-0000-0000-0000-000000000002','2026-02-18','2026-02-22',1,'2026-02-18T12:25:00Z',0),
  ('60000000-0000-0000-0000-000000000014','20000000-0000-0000-0000-000000000114','30000000-0000-0000-0000-000000000021','40000000-0000-0000-0000-000000000001','2026-02-18','2026-02-22',1,'2026-02-18T12:25:00Z',0),
  ('60000000-0000-0000-0000-000000000015','20000000-0000-0000-0000-000000000115','30000000-0000-0000-0000-000000000022','40000000-0000-0000-0000-000000000002','2026-02-18','2026-02-22',2,'2026-02-18T12:25:00Z',0),
  ('60000000-0000-0000-0000-000000000016','20000000-0000-0000-0000-000000000116','30000000-0000-0000-0000-000000000024','40000000-0000-0000-0000-000000000002','2026-02-18','2026-02-22',1,'2026-02-18T12:25:00Z',0),
  ('60000000-0000-0000-0000-000000000017','20000000-0000-0000-0000-000000000117','30000000-0000-0000-0000-000000000025','40000000-0000-0000-0000-000000000001','2026-02-18','2026-02-22',1,'2026-02-18T12:25:00Z',0),
  ('60000000-0000-0000-0000-000000000018','20000000-0000-0000-0000-000000000118','30000000-0000-0000-0000-000000000026','40000000-0000-0000-0000-000000000002','2026-02-18','2026-02-22',1,'2026-02-18T12:25:00Z',0),
  ('60000000-0000-0000-0000-000000000019','20000000-0000-0000-0000-000000000201','30000000-0000-0000-0000-000000000027','40000000-0000-0000-0000-000000000001','2026-02-18','2026-02-22',2,'2026-02-18T12:25:00Z',0),
  ('60000000-0000-0000-0000-000000000020','20000000-0000-0000-0000-000000000202','30000000-0000-0000-0000-000000000029','40000000-0000-0000-0000-000000000001','2026-02-18','2026-02-22',1,'2026-02-18T12:25:00Z',0),
  ('60000000-0000-0000-0000-000000000021','20000000-0000-0000-0000-000000000203','30000000-0000-0000-0000-000000000030','40000000-0000-0000-0000-000000000002','2026-02-18','2026-02-22',2,'2026-02-18T12:25:00Z',0),
  ('60000000-0000-0000-0000-000000000022','20000000-0000-0000-0000-000000000204','30000000-0000-0000-0000-000000000032','40000000-0000-0000-0000-000000000002','2026-02-18','2026-02-22',1,'2026-02-18T12:25:00Z',0),
  ('60000000-0000-0000-0000-000000000023','20000000-0000-0000-0000-000000000205','30000000-0000-0000-0000-000000000033','40000000-0000-0000-0000-000000000001','2026-02-18','2026-02-22',2,'2026-02-18T12:25:00Z',0),
  ('60000000-0000-0000-0000-000000000024','20000000-0000-0000-0000-000000000206','30000000-0000-0000-0000-000000000035','40000000-0000-0000-0000-000000000001','2026-02-18','2026-02-22',1,'2026-02-18T12:25:00Z',0),
  ('60000000-0000-0000-0000-000000000025','20000000-0000-0000-0000-000000000207','30000000-0000-0000-0000-000000000036','40000000-0000-0000-0000-000000000002','2026-02-18','2026-02-22',1,'2026-02-18T12:25:00Z',0),
  ('60000000-0000-0000-0000-000000000026','20000000-0000-0000-0000-000000000208','30000000-0000-0000-0000-000000000037','40000000-0000-0000-0000-000000000001','2026-02-18','2026-02-22',2,'2026-02-18T12:25:00Z',0),
  ('60000000-0000-0000-0000-000000000027','20000000-0000-0000-0000-000000000209','30000000-0000-0000-0000-000000000039','40000000-0000-0000-0000-000000000001','2026-02-18','2026-02-22',1,'2026-02-18T12:25:00Z',0),
  ('60000000-0000-0000-0000-000000000028','20000000-0000-0000-0000-000000000210','30000000-0000-0000-0000-000000000040','40000000-0000-0000-0000-000000000002','2026-02-18','2026-02-22',1,'2026-02-18T12:25:00Z',0),
  ('60000000-0000-0000-0000-000000000029','20000000-0000-0000-0000-000000000211','30000000-0000-0000-0000-000000000041','40000000-0000-0000-0000-000000000001','2026-02-18','2026-02-22',1,'2026-02-18T12:25:00Z',0),
  ('60000000-0000-0000-0000-000000000030','20000000-0000-0000-0000-000000000212','30000000-0000-0000-0000-000000000042','40000000-0000-0000-0000-000000000002','2026-02-18','2026-02-22',2,'2026-02-18T12:25:00Z',0),
  ('60000000-0000-0000-0000-000000000031','20000000-0000-0000-0000-000000000213','30000000-0000-0000-0000-000000000044','40000000-0000-0000-0000-000000000002','2026-02-18','2026-02-22',1,'2026-02-18T12:25:00Z',0),
  ('60000000-0000-0000-0000-000000000032','20000000-0000-0000-0000-000000000214','30000000-0000-0000-0000-000000000045','40000000-0000-0000-0000-000000000001','2026-02-18','2026-02-22',2,'2026-02-18T12:25:00Z',0),
  ('60000000-0000-0000-0000-000000000033','20000000-0000-0000-0000-000000000215','30000000-0000-0000-0000-000000000047','40000000-0000-0000-0000-000000000001','2026-02-18','2026-02-22',1,'2026-02-18T12:25:00Z',0),
  ('60000000-0000-0000-0000-000000000034','20000000-0000-0000-0000-000000000216','30000000-0000-0000-0000-000000000048','40000000-0000-0000-0000-000000000002','2026-02-18','2026-02-22',2,'2026-02-18T12:25:00Z',0),
  ('60000000-0000-0000-0000-000000000035','20000000-0000-0000-0000-000000000217','30000000-0000-0000-0000-000000000050','40000000-0000-0000-0000-000000000002','2026-02-18','2026-02-22',1,'2026-02-18T12:25:00Z',0);

INSERT INTO "Messages" ("Id","HotelId","BookingId","Content","ExpiresAt","IsActive","CreatedAt","IsDeleted")
VALUES
  ('70000000-0000-0000-0000-000000000001','10000000-0000-0000-0000-000000000001','60000000-0000-0000-0000-000000000001','Welcome to Arlanda Airport Hotel! Shuttle runs every 15 minutes.','2026-02-25T12:00:00Z',1,'2026-02-18T12:30:00Z',0),
  ('70000000-0000-0000-0000-000000000002','10000000-0000-0000-0000-000000000002','60000000-0000-0000-0000-000000000002','Runway Inn: complimentary breakfast 6–10 AM; gate info at front desk.','2026-02-26T12:00:00Z',1,'2026-02-18T12:30:00Z',0);

COMMIT;
